"my_formatted_orderdate","total_sales","total_profit"
"2015-01-03","16.448","3.28960"
"2015-01-04","288.060","57.61200"
"2015-01-05","19.536","3.90720"
"2015-01-06","4407.10","810.1260"
"2015-01-07","87.158","13.59520"
"2015-01-09","40.544","9.66880"
"2015-01-10","54.83","8.3690"
"2015-01-11","9.94","1.4910"
"2015-01-13","3553.795","699.09905"
"2015-01-14","61.96","9.2940"
"2015-01-15","149.95","37.4875"
"2015-01-16","299.964","59.84760"
"2015-01-18","64.864","12.97280"
"2015-01-19","378.594","66.64530"
"2015-01-20","2673.870","499.09500"
"2015-01-23","40.08","8.0160"
"2015-01-26","1097.25","225.7565"
"2015-01-27","426.67","68.6840"
"2015-01-28","3.928","0.78560"
"2015-01-30","240.50","48.1000"
"2015-01-31","290.666","43.59990"
"2015-02-01","468.9","117.225"
"2015-02-02","211.646","51.37720"
"2015-02-03","97.112","19.42240"
"2015-02-04","134.384","26.87680"
"2015-02-06","330.512","81.43040"
"2015-02-07","180.32","41.8320"
"2015-02-08","14.56","2.1840"
"2015-02-11","2043.40","337.9000"
"2015-02-12","129.568","19.43520"
"2015-02-14","576.726","127.34370"
"2015-02-15","21.36","4.2720"
"2015-02-16","9.04","1.8080"
"2015-02-17","54.208","10.84160"
"2015-02-18","37.784","6.29880"
"2015-02-20","95.59","21.2175"
"2015-02-21","8.85","1.7700"
"2015-02-22","19.44","3.8880"
"2015-02-23","11.364","2.27280"
"2015-02-24","55.672","11.13440"
"2015-02-27","19.456","3.89120"
"2015-03-01","2203.151","346.22745"
"2015-03-02","47.76","9.5520"
"2015-03-03","1345.892","223.23780"
"2015-03-04","370.452","74.09040"
"2015-03-05","705.562","165.11090"
"2015-03-07","1561.062","263.86320"
"2015-03-10","741.956","148.39120"
"2015-03-11","918.314","214.29330"
"2015-03-14","2108.550","397.59950"
"2015-03-15","370.782","71.87160"
"2015-03-16","471.92","117.9800"
"2015-03-17","3960.358","628.81010"
"2015-03-18","28106.716","6785.20810"
"2015-03-19","590.762","141.61280"
"2015-03-21","4109.816","984.39330"
"2015-03-22","464.093","77.10100"
"2015-03-23","945.064","219.25040"
"2015-03-24","65.38","11.0520"
"2015-03-25","459.146","75.76390"
"2015-03-26","145.130","33.78020"
"2015-03-28","1493.216","254.52600"
"2015-03-29","890.841","133.62615"
"2015-03-30","1170.322","230.01320"
"2015-03-31","1959.552","339.63520"
"2015-04-01","119.888","23.97760"
"2015-04-02","1458.558","335.32410"
"2015-04-04","475.844","99.89430"
"2015-04-05","5179.738","1037.39710"
"2015-04-06","1650.690","306.00150"
"2015-04-07","1021.17","245.3320"
"2015-04-08","1958.750","337.36690"
"2015-04-11","1915.240","473.11280"
"2015-04-12","1872.443","434.73645"
"2015-04-13","638.576","131.31160"
"2015-04-15","294.72","49.5560"
"2015-04-16","39.072","7.81440"
"2015-04-18","1020.532","214.05070"
"2015-04-19","205.47","37.2870"
"2015-04-20","1250.45","189.8095"
"2015-04-21","845.36","169.0720"
"2015-04-22","257.752","51.55040"
"2015-04-23","643.980","99.54200"
"2015-04-25","2379.994","401.60310"
"2015-04-26","282.568","44.99960"
"2015-04-28","2578.476","607.69220"
"2015-04-29","768.844","123.21760"
"2015-04-30","1048.74","212.1375"
"2015-05-02","506.120","125.22320"
"2015-05-03","72.632","14.52640"
"2015-05-04","187.432","35.50440"
"2015-05-05","260.977","45.80195"
"2015-05-06","254.456","50.89120"
"2015-05-07","1091.35","164.9415"
"2015-05-08","1799.97","449.9925"
"2015-05-09","394.48","90.6845"
"2015-05-10","2343.799","512.20235"
"2015-05-11","1642.802","274.89520"
"2015-05-12","734.846","110.22690"
"2015-05-13","898.382","173.20210"
"2015-05-14","310.88","46.6320"
"2015-05-16","289.28","49.0320"
"2015-05-17","91.68","18.3360"
"2015-05-18","944.964","220.52100"
"2015-05-19","91.62","18.3240"
"2015-05-20","320.104","57.55040"
"2015-05-21","4264.328","878.37550"
"2015-05-22","180.93","45.2325"
"2015-05-23","323.758","67.51100"
"2015-05-24","116.28","23.2560"
"2015-05-25","119.54","22.4420"
"2015-05-26","1325.718","235.63530"
"2015-05-27","2157.394","463.79750"
"2015-05-28","221.968","48.64400"
"2015-05-30","1924.913","426.40865"
"2015-05-31","773.70","193.4250"
"2015-06-01","5188.52","980.5975"
"2015-06-02","738.598","156.05210"
"2015-06-03","531.16","80.4380"
"2015-06-04","456.272","70.03000"
"2015-06-06","1374.001","225.21200"
"2015-06-07","281.397","42.83265"
"2015-06-08","2501.264","462.45760"
"2015-06-09","5463.008","1025.44200"
"2015-06-10","491.55","98.3100"
"2015-06-13","14.52","2.9040"
"2015-06-14","212.94","31.9410"
"2015-06-15","942.974","143.70170"
"2015-06-16","763.792","120.36640"
"2015-06-17","3356.486","674.28370"
"2015-06-18","139.8","34.950"
"2015-06-20","1828.9496","387.155840"
"2015-06-21","4107.443","1003.26535"
"2015-06-22","1975.498","357.87690"
"2015-06-23","109.496","26.21800"
"2015-06-24","4.272","0.64080"
"2015-06-25","792.760","149.35800"
"2015-06-27","616.14","130.1270"
"2015-06-28","1645.791","267.73495"
"2015-06-29","46.68","9.3360"
"2015-06-30","739.624","147.92480"
"2015-07-01","601.024","149.00080"
"2015-07-02","79.56","19.6110"
"2015-07-04","247.408","49.48160"
"2015-07-05","1444.104","301.18250"
"2015-07-06","1038.472","211.77000"
"2015-07-07","241.194","36.17910"
"2015-07-08","763.074","124.29630"
"2015-07-09","265.521","47.11255"
"2015-07-11","2022.356","394.21560"
"2015-07-12","1960.012","339.29890"
"2015-07-13","351.216","52.68240"
"2015-07-14","292.594","60.70730"
"2015-07-15","9.51","2.0505"
"2015-07-18","273.040","41.65120"
"2015-07-19","461.326","106.73620"
"2015-07-20","2285.786","407.19760"
"2015-07-21","1961.482","307.47810"
"2015-07-22","1348.344","233.26420"
"2015-07-23","2613.184","650.39100"
"2015-07-25","8341.29","1664.3620"
"2015-07-26","5039.994","1043.32740"
"2015-07-27","580.06","127.9120"
"2015-07-28","193.152","32.13600"
"2015-07-30","1367.84","205.1760"
"2015-08-01","228.328","43.45920"
"2015-08-02","886.28","178.3160"
"2015-08-03","477.994","84.66130"
"2015-08-04","2743.154","581.39980"
"2015-08-05","2408.724","391.22610"
"2015-08-06","262.89","65.7225"
"2015-08-08","3955.629","887.79630"
"2015-08-09","3605.685","795.57300"
"2015-08-11","451.62","89.7065"
"2015-08-12","1545.730","353.13720"
"2015-08-15","337.50","67.5000"
"2015-08-16","853.092","127.96380"
"2015-08-17","500.342","117.06640"
"2015-08-19","1439.106","241.41820"
"2015-08-20","1838.722","321.66380"
"2015-08-22","23.104","4.62080"
"2015-08-23","565.224","120.01560"
"2015-08-24","59.740","11.28400"
"2015-08-25","1451.650","345.16820"
"2015-08-26","366.81","89.1665"
"2015-08-27","2070.13","392.0945"
"2015-08-29","832.3225","157.761575"
"2015-08-30","121.24","24.2480"
"2015-08-31","92.52","23.1300"
"2015-09-01","469.436","111.73720"
"2015-09-02","3254.150","711.07600"
"2015-09-03","22.08","4.4160"
"2015-09-05","296.304","57.66160"
"2015-09-06","100.36","17.9780"
"2015-09-07","3523.875","676.95565"
"2015-09-08","14228.428","3086.94980"
"2015-09-09","4043.588","840.52690"
"2015-09-10","1855.228","283.94860"
"2015-09-11","127.95","19.1925"
"2015-09-12","4904.660","796.76970"
"2015-09-13","1275.408","273.11330"
"2015-09-14","5023.716","1128.50020"
"2015-09-15","133.436","20.76240"
"2015-09-16","33.552","6.71040"
"2015-09-17","820.523","169.02905"
"2015-09-19","9338.637","2229.92275"
"2015-09-20","5335.968","1016.15960"
"2015-09-21","2679.652","649.82010"
"2015-09-22","1240.266","214.20480"
"2015-09-23","10662.337","2114.86665"
"2015-09-24","211.96","42.3920"
"2015-09-25","354.8888","55.951120"
"2015-09-26","1326.790","227.90040"
"2015-09-27","773.44","120.1150"
"2015-09-28","490.292","81.20400"
"2015-09-29","8109.070","1498.46060"
"2015-09-30","987.532","196.74440"
"2015-10-01","4.71","0.9420"
"2015-10-02","598.144","147.42560"
"2015-10-03","862.683","151.86905"
"2015-10-04","728.748","116.27910"
"2015-10-05","191.90","43.3790"
"2015-10-06","494.71","99.3965"
"2015-10-07","237.36","40.9760"
"2015-10-08","147.392","30.65200"
"2015-10-09","249.360","50.67160"
"2015-10-10","2049.386","480.31050"
"2015-10-11","1381.164","268.18490"
"2015-10-12","58.53","11.7060"
"2015-10-13","2212.182","367.64690"
"2015-10-14","4525.484","932.50380"
"2015-10-15","206.724","31.40700"
"2015-10-16","194.322","47.86290"
"2015-10-17","136.068","32.94680"
"2015-10-18","3134.916","639.16970"
"2015-10-19","641.104","150.17720"
"2015-10-20","1501.104","299.78970"
"2015-10-21","1356.602","221.27490"
"2015-10-22","223.808","33.57120"
"2015-10-24","56.490","11.29800"
"2015-10-25","103.882","22.81520"
"2015-10-26","447.88","105.5780"
"2015-10-27","22.320","4.46400"
"2015-10-28","1510.582","284.16550"
"2015-10-29","2813.812","699.65900"
"2015-10-31","5362.026","946.24510"
"2015-11-01","4637.816","1081.91840"
"2015-11-02","2126.370","501.80740"
"2015-11-03","2784.163","532.75970"
"2015-11-04","6693.748","1588.61370"
"2015-11-05","1694.564","324.62570"
"2015-11-07","1302.454","226.33360"
"2015-11-08","333.576","83.39400"
"2015-11-09","1574.094","336.05790"
"2015-11-10","2002.556","398.28650"
"2015-11-11","7836.978","1545.20930"
"2015-11-12","901.6492","149.452580"
"2015-11-14","1034.730","245.12930"
"2015-11-15","1780.822","394.28240"
"2015-11-16","1355.9285","271.718575"
"2015-11-17","11544.274","2050.34980"
"2015-11-18","3406.855","599.26200"
"2015-11-19","7226.086","1671.98250"
"2015-11-20","907.56","223.2090"
"2015-11-21","1249.622","269.92140"
"2015-11-22","1103.298","220.65960"
"2015-11-23","1363.280","217.07770"
"2015-11-24","5572.864","1196.28920"
"2015-11-25","4415.695","796.22025"
"2015-11-26","1705.990","376.14780"
"2015-11-27","203.66","30.7370"
"2015-11-28","2280.830","472.65840"
"2015-11-29","649.044","158.60480"
"2015-11-30","219.154","48.94280"
"2015-12-01","5624.390","950.59050"
"2015-12-02","1771.808","302.50710"
"2015-12-03","505.88","125.1740"
"2015-12-04","129.98","32.4950"
"2015-12-05","2963.642","632.39790"
"2015-12-06","1970.978","369.68800"
"2015-12-07","548.40","109.6800"
"2015-12-08","1095.120","190.69200"
"2015-12-09","1522.652","358.52920"
"2015-12-10","573.336","97.74960"
"2015-12-12","4938.4045","752.900875"
"2015-12-13","293.152","49.51100"
"2015-12-14","7641.658","1877.13670"
"2015-12-15","1264.466","193.73790"
"2015-12-16","4065.595","729.73600"
"2015-12-17","45.534","9.10680"
"2015-12-19","3436.760","664.69620"
"2015-12-20","6962.440","1219.76530"
"2015-12-21","1933.44","291.7920"
"2015-12-22","798.968","159.79360"
"2015-12-23","942.108","182.51660"
"2015-12-24","1950.202","425.45340"
"2015-12-26","2041.414","340.62490"
"2015-12-27","2966.388","557.53770"
"2015-12-28","2682.326","536.46520"
"2015-12-29","2072.096","478.44420"
"2015-12-30","2172.651","452.05580"
"2015-12-31","5253.270","1039.42830"
"2016-01-02","1932.096","430.82500"
"2016-01-03","1768.2216","305.944440"
"2016-01-04","264.46","43.2810"
"2016-01-05","295.272","55.97520"
"2016-01-06","31.538","6.30760"
"2016-01-09","364.07","72.8140"
"2016-01-10","1018.104","152.71560"
"2016-01-12","747.496","163.09660"
"2016-01-13","622.278","97.33310"
"2016-01-17","350.384","57.33960"
"2016-01-19","301.742","45.26130"
"2016-01-23","43.66","8.7320"
"2016-01-24","13.12","2.6240"
"2016-01-26","182.72","36.5440"
"2016-01-27","3573.252","594.72240"
"2016-01-28","4297.644","644.64660"
"2016-01-30","2161.640","516.95880"
"2016-01-31","99.26","17.1850"
"2016-02-03","492.836","93.25560"
"2016-02-06","2432.544","409.79820"
"2016-02-07","324.11","64.8220"
"2016-02-08","129.092","31.21750"
"2016-02-09","785.552","169.91280"
"2016-02-10","77.24","15.4480"
"2016-02-14","1079.962","267.08980"
"2016-02-15","1602.38","369.2210"
"2016-02-16","160.43","32.0860"
"2016-02-18","105.844","19.39160"
"2016-02-20","316.78","64.8555"
"2016-02-21","2591.10","518.2200"
"2016-02-22","79.36","15.8720"
"2016-02-23","37.776","7.55520"
"2016-02-25","25.87","5.1740"
"2016-02-27","1159.271","239.40320"
"2016-02-28","551.264","82.68960"
"2016-03-01","1642.1744","263.388560"
"2016-03-02","899.57","140.5375"
"2016-03-05","1969.267","394.40595"
"2016-03-06","1555.244","345.28500"
"2016-03-07","807.54","196.8990"
"2016-03-08","2563.296","463.80920"
"2016-03-09","478.008","119.27160"
"2016-03-10","90.932","18.18640"
"2016-03-12","51.016","8.33880"
"2016-03-13","1384.856","207.72840"
"2016-03-14","707.90","141.5800"
"2016-03-15","16.776","4.19400"
"2016-03-16","7230.21","1439.5825"
"2016-03-17","48.84","10.5190"
"2016-03-19","5203.890","1220.95330"
"2016-03-20","102.520","20.50400"
"2016-03-21","1270.379","254.07580"
"2016-03-22","2481.424","590.20160"
"2016-03-23","633.302","133.27030"
"2016-03-24","412.950","62.29210"
"2016-03-26","131.160","27.07080"
"2016-03-27","83.7","16.740"
"2016-03-28","243.344","56.98080"
"2016-03-29","1559.08","255.1365"
"2016-03-30","571.224","104.95560"
"2016-03-31","200.716","43.02220"
"2016-04-02","299.220","72.73760"
"2016-04-04","1484.598","322.04610"
"2016-04-05","2974.058","519.68080"
"2016-04-06","140.004","29.27520"
"2016-04-07","907.436","200.68480"
"2016-04-09","757.992","133.10280"
"2016-04-10","169.542","33.90840"
"2016-04-11","1328.346","296.92970"
"2016-04-13","3192.678","606.88560"
"2016-04-14","35.208","7.04160"
"2016-04-16","4161.972","848.59770"
"2016-04-17","2745.106","609.36770"
"2016-04-18","2006.960","418.28320"
"2016-04-19","329.960","65.99200"
"2016-04-20","1194.726","223.57470"
"2016-04-21","893.09","182.0235"
"2016-04-22","152.916","35.02200"
"2016-04-24","25.99","5.1980"
"2016-04-25","920.946","177.78630"
"2016-04-26","2090.1055","353.977425"
"2016-04-27","2719.59","549.5375"
"2016-04-28","4044.362","808.87240"
"2016-04-29","7.968","1.59360"
"2016-04-30","1571.695","363.03775"
"2016-05-01","450.940","91.44800"
"2016-05-02","167.232","41.36520"
"2016-05-03","2198.760","382.62780"
"2016-05-04","1121.362","269.13520"
"2016-05-07","305.622","48.92410"
"2016-05-08","3981.968","938.31350"
"2016-05-09","48.81","9.7620"
"2016-05-10","154.442","33.22280"
"2016-05-11","191.968","28.79520"
"2016-05-12","1060.350","252.00840"
"2016-05-13","238.384","58.79600"
"2016-05-14","3141.1995","555.600525"
"2016-05-15","69.908","13.98160"
"2016-05-16","255.968","63.99200"
"2016-05-17","47.368","9.47360"
"2016-05-18","10.86","2.1720"
"2016-05-20","169.544","25.75200"
"2016-05-21","72.332","14.46640"
"2016-05-22","3862.098","959.87200"
"2016-05-23","1304.956","257.22470"
"2016-05-24","610.307","91.92885"
"2016-05-25","1739.418","380.89830"
"2016-05-26","982.564","213.34420"
"2016-05-28","794.146","161.12870"
"2016-05-29","1119.786","206.02590"
"2016-05-30","681.10","162.2590"
"2016-05-31","5178.138","832.79060"
"2016-06-01","834.198","183.93360"
"2016-06-04","1192.31","292.1955"
"2016-06-05","1533.198","230.50770"
"2016-06-07","59.768","11.95360"
"2016-06-08","145.504","29.21960"
"2016-06-09","797.116","152.30400"
"2016-06-11","3373.564","629.78940"
"2016-06-12","174.476","35.52960"
"2016-06-13","1128.898","274.17710"
"2016-06-14","51.072","7.66080"
"2016-06-15","734.144","138.44320"
"2016-06-16","3443.904","685.61120"
"2016-06-18","1883.087","361.04910"
"2016-06-19","446.346","88.64120"
"2016-06-20","829.544","181.62200"
"2016-06-21","107.976","26.99400"
"2016-06-22","2018.953","363.96935"
"2016-06-23","836.958","197.92700"
"2016-06-25","857.080","157.40430"
"2016-06-26","1592.196","352.48120"
"2016-06-28","1126.156","169.99620"
"2016-06-29","432.926","93.18490"
"2016-07-02","1631.902","282.57350"
"2016-07-03","823.982","138.67980"
"2016-07-04","1138.288","282.65560"
"2016-07-05","121.646","25.57640"
"2016-07-06","1379.812","250.10530"
"2016-07-08","21.12","4.2240"
"2016-07-09","1587.114","345.07240"
"2016-07-10","43.286","8.65720"
"2016-07-11","1941.952","381.36700"
"2016-07-12","2052.567","473.56305"
"2016-07-13","2033.256","310.09920"
"2016-07-14","860.916","143.69900"
"2016-07-16","3029.386","525.88040"
"2016-07-17","448.082","68.24710"
"2016-07-18","525.72","131.1420"
"2016-07-19","2.025","0.40500"
"2016-07-20","2693.168","522.95410"
"2016-07-23","208.272","35.21340"
"2016-07-24","525.95","118.1360"
"2016-07-25","2395.024","428.95040"
"2016-07-26","958.857","158.79555"
"2016-07-27","29.97","7.4925"
"2016-07-30","443.802","91.19890"
"2016-07-31","3712.162","815.36080"
"2016-08-01","1011.696","152.09040"
"2016-08-02","1290.478","283.03310"
"2016-08-05","72.650","13.79200"
"2016-08-06","494.8692","80.513880"
"2016-08-07","968.206","207.74270"
"2016-08-08","760.112","144.78320"
"2016-08-09","4878.392","964.67110"
"2016-08-10","851.474","199.21040"
"2016-08-11","196.112","43.81480"
"2016-08-13","586.896","115.80120"
"2016-08-15","497.59","94.3065"
"2016-08-16","3378.932","769.54170"
"2016-08-17","381.640","90.47200"
"2016-08-21","2827.520","478.84800"
"2016-08-22","66.632","13.32640"
"2016-08-23","1202.278","253.05110"
"2016-08-24","7194.775","1568.09765"
"2016-08-25","178.526","32.26680"
"2016-08-27","639.974","127.99480"
"2016-08-28","6491.293","1474.64805"
"2016-08-29","246.50","61.6250"
"2016-08-31","2601.797","484.34015"
"2016-09-01","2367.564","512.25700"
"2016-09-03","1874.898","368.98560"
"2016-09-04","1071.284","251.97310"
"2016-09-05","934.103","147.88805"
"2016-09-06","919.674","179.97060"
"2016-09-07","2922.667","628.82280"
"2016-09-08","89.64","16.8600"
"2016-09-10","1415.726","250.71890"
"2016-09-11","1962.13","381.2135"
"2016-09-12","707.824","166.66300"
"2016-09-13","2109.420","341.07190"
"2016-09-14","3262.420","642.33890"
"2016-09-15","2535.850","411.32430"
"2016-09-16","31.12","6.2240"
"2016-09-17","11525.006","1855.93440"
"2016-09-18","3924.32","907.4960"
"2016-09-19","500.38","111.2470"
"2016-09-20","1836.052","367.21040"
"2016-09-21","6982.058","1362.01460"
"2016-09-22","1783.504","374.97060"
"2016-09-24","4180.614","783.11030"
"2016-09-25","3033.757","595.47550"
"2016-09-26","3722.273","861.65380"
"2016-09-27","2382.958","568.97120"
"2016-09-28","1058.364","228.91100"
"2016-10-01","1158.414","281.36020"
"2016-10-02","1269.266","285.65160"
"2016-10-03","275.218","50.83500"
"2016-10-04","505.580","78.22180"
"2016-10-05","851.092","169.39730"
"2016-10-08","222.12","33.4900"
"2016-10-09","2133.535","471.26200"
"2016-10-10","1855.008","371.00160"
"2016-10-11","1011.8955","156.097725"
"2016-10-12","2390.758","415.86070"
"2016-10-13","371.66","64.1210"
"2016-10-15","3219.554","544.00550"
"2016-10-16","824.97","206.2425"
"2016-10-17","77.88","15.5760"
"2016-10-18","378.494","89.05730"
"2016-10-19","2135.09","448.0155"
"2016-10-20","720.086","133.23790"
"2016-10-22","15.128","3.02560"
"2016-10-23","2262.296","431.02640"
"2016-10-24","831.145","126.14735"
"2016-10-25","1425.412","236.70130"
"2016-10-26","1395.333","287.78180"
"2016-10-28","104.51","18.0415"
"2016-10-29","244.24","48.8480"
"2016-10-30","2122.044","519.81670"
"2016-10-31","3211.009","669.54535"
"2016-11-01","3106.106","665.85930"
"2016-11-02","5528.551","926.37265"
"2016-11-03","2800.846","550.73910"
"2016-11-05","834.874","156.62480"
"2016-11-06","11.481","2.29620"
"2016-11-07","3073.073","580.46610"
"2016-11-08","12196.997","2485.56860"
"2016-11-09","4620.292","1034.63090"
"2016-11-10","3536.904","737.41430"
"2016-11-11","542.178","108.43560"
"2016-11-12","1127.992","197.13520"
"2016-11-13","2867.9132","579.179180"
"2016-11-14","2512.710","462.85680"
"2016-11-15","702.170","138.43600"
"2016-11-16","4072.334","802.49420"
"2016-11-17","3885.986","714.64420"
"2016-11-19","1040.784","244.14680"
"2016-11-20","2861.150","517.73060"
"2016-11-21","3613.5748","672.513520"
"2016-11-22","614.499","115.55935"
"2016-11-23","3450.188","705.43660"
"2016-11-24","1218.764","240.46380"
"2016-11-25","13.12","2.6240"
"2016-11-26","1484.082","292.19230"
"2016-11-27","3109.7835","625.667825"
"2016-11-28","1864.482","373.99350"
"2016-11-29","2760.168","482.66410"
"2016-11-30","1798.397","317.53940"
"2016-12-01","7130.594","1096.08480"
"2016-12-03","1972.645","403.74385"
"2016-12-04","5185.814","1074.65250"
"2016-12-05","897.322","168.48710"
"2016-12-06","6061.502","1367.71220"
"2016-12-07","1338.298","288.16460"
"2016-12-08","2672.728","638.26360"
"2016-12-09","34.02","6.8040"
"2016-12-10","3080.380","592.35310"
"2016-12-11","1590.894","317.04990"
"2016-12-12","1448.854","280.11480"
"2016-12-13","1023.386","243.65050"
"2016-12-14","488.744","113.71620"
"2016-12-15","5494.796","1339.48700"
"2016-12-16","4.98","0.9960"
"2016-12-17","1918.492","328.21550"
"2016-12-18","935.288","194.35360"
"2016-12-19","6120.656","1390.25220"
"2016-12-20","1107.464","228.65910"
"2016-12-21","3257.760","639.86700"
"2016-12-22","473.313","73.53135"
"2016-12-23","194.32","38.8640"
"2016-12-24","7484.566","1693.30860"
"2016-12-25","4204.968","875.20740"
"2016-12-26","561.486","95.96490"
"2016-12-27","5148.4472","974.025280"
"2016-12-28","79.200","18.55920"
"2016-12-30","3251.34","792.0900"
"2016-12-31","1381.344","275.53080"
"2017-01-02","405.92","84.0860"
"2017-01-03","2095.83","358.3555"
"2017-01-04","1069.220","261.84240"
"2017-01-05","255.904","63.71360"
"2017-01-07","83.576","15.56140"
"2017-01-08","1859.158","298.97680"
"2017-01-09","743.046","184.24470"
"2017-01-10","174.75","33.2105"
"2017-01-11","149.444","27.91860"
"2017-01-14","405.344","65.28000"
"2017-01-15","701.923","144.04325"
"2017-01-16","102.218","24.97210"
"2017-01-17","1040.55","227.8785"
"2017-01-21","1167.056","175.05840"
"2017-01-22","917.630","163.03820"
"2017-01-23","1732.30","348.4595"
"2017-01-24","31.36","6.2720"
"2017-01-25","858.712","153.75730"
"2017-01-28","39.68","7.9360"
"2017-01-30","3107.316","637.96920"
"2017-01-31","1601.554","325.79040"
"2017-02-01","161.97","32.3940"
"2017-02-02","8996.784","2232.23060"
"2017-02-03","866.4","129.960"
"2017-02-04","197.868","43.37920"
"2017-02-05","2994.476","595.55020"
"2017-02-06","132.224","19.83360"
"2017-02-07","762.142","188.62640"
"2017-02-08","1369.476","318.21900"
"2017-02-09","121.83","30.4575"
"2017-02-11","69.93","17.4825"
"2017-02-12","1366.04","273.2080"
"2017-02-13","146.82","29.3640"
"2017-02-14","837.921","139.53465"
"2017-02-15","407.072","81.41440"
"2017-02-16","1135.638","184.84390"
"2017-02-19","392.66","76.3090"
"2017-02-20","16.496","3.29920"
"2017-02-21","1524.126","297.23620"
"2017-02-22","983.17","220.7440"
"2017-02-23","57.576","11.51520"
"2017-02-25","46.72","9.3440"
"2017-02-27","243.892","47.96880"
"2017-02-28","147.584","29.51680"
"2017-03-01","6285.806","1468.32730"
"2017-03-03","7264.422","1459.87440"
"2017-03-04","315.45","71.0890"
"2017-03-05","162.344","32.46880"
"2017-03-06","811.303","172.01850"
"2017-03-07","21.072","5.26800"
"2017-03-08","2190.810","502.38880"
"2017-03-09","635.60","119.3625"
"2017-03-10","7879.734","1946.27530"
"2017-03-11","896.022","163.94030"
"2017-03-12","1694.642","300.41080"
"2017-03-13","8866.882","1796.96285"
"2017-03-14","669.368","110.03680"
"2017-03-15","1805.992","297.79560"
"2017-03-17","2360.334","434.23000"
"2017-03-18","1061.682","202.84230"
"2017-03-19","138.680","22.35630"
"2017-03-20","928.311","151.32050"
"2017-03-21","645.706","97.75110"
"2017-03-22","226.468","39.82820"
"2017-03-24","745.774","154.23970"
"2017-03-25","1346.97","333.7665"
"2017-03-26","682.246","142.44800"
"2017-03-27","92.70","15.5320"
"2017-03-28","125.30","25.0600"
"2017-03-29","2659.339","502.51885"
"2017-03-30","11.34","2.2680"
"2017-03-31","640.762","127.39090"
"2017-04-01","2161.480","368.47490"
"2017-04-02","1454.9","218.235"
"2017-04-03","441.198","97.68160"
"2017-04-04","970.194","201.90380"
"2017-04-05","1046.334","215.20590"
"2017-04-06","1294.75","323.6875"
"2017-04-07","1900.302","407.12190"
"2017-04-08","2906.404","551.66680"
"2017-04-09","1115.197","221.10115"
"2017-04-10","950.594","190.11880"
"2017-04-12","1542.530","249.67800"
"2017-04-13","6.12","1.2240"
"2017-04-14","1466.572","227.44760"
"2017-04-15","2201.856","419.32800"
"2017-04-16","9335.086","2323.27410"
"2017-04-17","421.085","68.29445"
"2017-04-18","2514.538","480.77300"
"2017-04-19","1414.132","275.86460"
"2017-04-21","271.616","54.32320"
"2017-04-22","1765.465","282.37450"
"2017-04-23","720.368","149.07310"
"2017-04-24","1607.100","268.06680"
"2017-04-25","108.420","25.82400"
"2017-04-26","434.646","65.19690"
"2017-04-28","486.672","112.21760"
"2017-04-30","142.208","21.71680"
"2017-05-01","517.866","85.04220"
"2017-05-02","767.316","125.77320"
"2017-05-03","1099.013","256.67585"
"2017-05-05","2701.280","457.81520"
"2017-05-06","236.960","43.88520"
"2017-05-07","4835.976","1151.86800"
"2017-05-08","1340.244","260.35640"
"2017-05-09","1283.512","262.35820"
"2017-05-10","763.020","189.80340"
"2017-05-11","5.98","1.1960"
"2017-05-12","918.878","220.87260"
"2017-05-14","455.930","97.16360"
"2017-05-15","648.912","129.78240"
"2017-05-16","880.46","161.9500"
"2017-05-17","346.922","59.59200"
"2017-05-18","122.22","24.4440"
"2017-05-19","1582.008","280.51960"
"2017-05-20","2471.913","510.12060"
"2017-05-21","2718.214","669.53460"
"2017-05-22","1799.200","397.14890"
"2017-05-23","10560.978","2635.45740"
"2017-05-24","277.756","55.55120"
"2017-05-25","1311.97","261.1460"
"2017-05-26","1975.356","382.75180"
"2017-05-27","5305.078","884.23260"
"2017-05-28","2137.324","456.77120"
"2017-05-29","1063.185","259.39650"
"2017-05-30","8090.578","1621.57910"
"2017-05-31","438.859","85.59965"
"2017-06-02","157.844","31.56880"
"2017-06-04","2316.523","491.86925"
"2017-06-05","659.820","131.96400"
"2017-06-06","5477.352","1314.81400"
"2017-06-07","51.562","10.31240"
"2017-06-09","1688.472","340.58880"
"2017-06-10","1412.396","215.69520"
"2017-06-11","1623.416","310.41740"
"2017-06-12","2962.563","624.64375"
"2017-06-13","430.438","104.98610"
"2017-06-14","3457.099","526.12105"
"2017-06-15","173.488","34.69760"
"2017-06-16","147.275","34.02875"
"2017-06-17","3000.920","545.76100"
"2017-06-18","541.938","108.38760"
"2017-06-19","17.12","3.4240"
"2017-06-20","1229.548","243.43010"
"2017-06-21","577.108","97.74320"
"2017-06-23","2475.094","538.13600"
"2017-06-24","5310.952","1309.98790"
"2017-06-25","893.266","151.65240"
"2017-06-26","1919.600","396.45080"
"2017-06-27","778.706","138.83750"
"2017-06-28","877.156","187.33200"
"2017-06-29","191.88","38.3760"
"2017-06-30","1352.95","209.7530"
"2017-07-01","1724.376","421.41470"
"2017-07-02","772.786","118.37650"
"2017-07-03","847.70","169.5400"
"2017-07-04","1651.301","276.23475"
"2017-07-07","3882.231","878.58000"
"2017-07-08","2616.512","579.93760"
"2017-07-09","573.286","85.99290"
"2017-07-10","895.895","196.27855"
"2017-07-12","95.76","23.9400"
"2017-07-14","2149.960","443.91690"
"2017-07-15","380.20","64.5260"
"2017-07-16","910.170","217.27330"
"2017-07-17","2184.880","487.42670"
"2017-07-18","2891.858","504.99150"
"2017-07-19","1536.454","294.06450"
"2017-07-20","89.95","22.4875"
"2017-07-21","991.095","180.02300"
"2017-07-22","1368.048","277.15370"
"2017-07-23","654.587","149.94795"
"2017-07-24","326.964","52.70460"
"2017-07-25","4979.308","918.02500"
"2017-07-28","2033.374","381.43130"
"2017-07-29","819.154","163.83080"
"2017-07-30","1770.776","354.15520"
"2017-07-31","2174.158","415.77570"
"2017-08-01","1124.648","275.95040"
"2017-08-02","482.584","106.37240"
"2017-08-03","248.82","58.1280"
"2017-08-04","497.910","109.21120"
"2017-08-05","197.05","39.4100"
"2017-08-06","320.388","74.63600"
"2017-08-07","179.97","44.9925"
"2017-08-08","1115.204","197.38960"
"2017-08-09","661.354","134.51000"
"2017-08-11","151.82","30.3640"
"2017-08-12","3951.9605","814.529075"
"2017-08-13","731.524","137.80580"
"2017-08-14","923.688","229.36740"
"2017-08-15","1680.266","356.34290"
"2017-08-16","204.54","32.8440"
"2017-08-17","15.712","3.14240"
"2017-08-18","496.114","100.47750"
"2017-08-19","448.792","89.75840"
"2017-08-20","14.78","3.6950"
"2017-08-21","4225.118","678.85190"
"2017-08-22","405.350","76.15360"
"2017-08-23","4187.348","885.00300"
"2017-08-26","4874.298","873.18940"
"2017-08-27","767.911","144.34995"
"2017-08-28","322.0248","62.015120"
"2017-08-29","632.188","112.04640"
"2017-08-30","1656.870","321.22770"
"2017-08-31","23.968","4.79360"
"2017-09-01","5766.152","1172.68630"
"2017-09-02","6792.193","1515.94530"
"2017-09-03","2365.596","455.03850"
"2017-09-04","1707.812","350.23290"
"2017-09-05","5226.348","899.51295"
"2017-09-06","1313.536","244.66180"
"2017-09-08","4493.9836","737.683240"
"2017-09-09","84.992","16.24800"
"2017-09-10","2094.324","465.80030"
"2017-09-11","6402.018","1575.45290"
"2017-09-12","2043.792","333.14740"
"2017-09-13","2374.73","417.1200"
"2017-09-14","1137.338","249.36010"
"2017-09-15","2101.182","363.81690"
"2017-09-16","425.886","65.40490"
"2017-09-17","2043.126","437.77570"
"2017-09-18","4751.082","801.27860"
"2017-09-19","3839.312","700.39370"
"2017-09-20","1232.004","232.43280"
"2017-09-22","418.062","81.77560"
"2017-09-23","1322.145","208.70770"
"2017-09-24","2286.050","410.64990"
"2017-09-25","2384.003","444.72655"
"2017-09-26","2698.1665","484.858075"
"2017-09-27","1992.9858","400.843120"
"2017-09-28","99.136","19.82720"
"2017-09-29","1271.552","307.76890"
"2017-09-30","525.884","78.98080"
"2017-10-01","781.414","135.38910"
"2017-10-02","18452.972","4565.59190"
"2017-10-03","1680.696","258.51380"
"2017-10-04","5912.782","1442.63890"
"2017-10-06","830.400","204.66350"
"2017-10-07","973.712","236.62240"
"2017-10-08","561.536","109.72160"
"2017-10-09","546.920","85.46280"
"2017-10-10","252.361","40.68850"
"2017-10-11","33.064","6.61280"
"2017-10-13","1650.618","288.83690"
"2017-10-14","3335.888","809.11720"
"2017-10-15","1620.15","324.3050"
"2017-10-16","142.182","21.32730"
"2017-10-17","2953.346","601.08540"
"2017-10-18","307.92","46.1880"
"2017-10-20","946.174","179.87270"
"2017-10-21","7877.272","1499.06440"
"2017-10-22","188.28","28.9930"
"2017-10-23","467.422","92.67660"
"2017-10-24","1365.498","340.59690"
"2017-10-25","783.96","195.9900"
"2017-10-27","978.790","157.81680"
"2017-10-28","2899.021","539.35460"
"2017-10-29","131.154","22.88080"
"2017-10-30","159.002","31.80040"
"2017-10-31","3750.499","636.81355"
"2017-11-01","453.374","95.17040"
"2017-11-03","3802.796","699.56730"
"2017-11-04","3888.818","711.70410"
"2017-11-05","4266.8988","747.039620"
"2017-11-06","773.256","126.47440"
"2017-11-07","3810.464","740.16580"
"2017-11-08","993.90","149.0850"
"2017-11-09","479.97","119.9925"
"2017-11-10","4723.478","974.68280"
"2017-11-11","4944.296","837.72260"
"2017-11-12","4914.938","786.86800"
"2017-11-13","2945.138","700.32160"
"2017-11-14","2774.062","602.17970"
"2017-11-15","2145.718","420.68070"
"2017-11-16","36.72","7.3440"
"2017-11-17","142.684","31.89560"
"2017-11-18","3958.932","862.74060"
"2017-11-19","638.462","129.57600"
"2017-11-20","3070.333","666.34850"
"2017-11-21","1176.891","235.51075"
"2017-11-22","317.044","62.61640"
"2017-11-23","100.616","15.88240"
"2017-11-24","6394.538","1289.26700"
"2017-11-25","7978.551","1762.55515"
"2017-11-26","8329.743","1629.93520"
"2017-11-27","1305.769","267.32975"
"2017-11-28","3428.372","681.24490"
"2017-11-29","300.592","50.93040"
"2017-11-30","970.142","176.33950"
"2017-12-01","7365.455","1442.11965"
"2017-12-02","4684.616","933.26050"
"2017-12-03","5269.816","1029.41630"
"2017-12-04","944.286","187.07520"
"2017-12-05","5138.934","978.22680"
"2017-12-06","2859.974","625.43240"
"2017-12-08","4709.095","884.23380"
"2017-12-09","1855.483","320.78490"
"2017-12-10","3453.230","605.56010"
"2017-12-11","6102.250","1206.80290"
"2017-12-12","1874.045","418.54460"
"2017-12-13","1194.088","186.29800"
"2017-12-14","828.654","135.14460"
"2017-12-15","2637.087","415.82265"
"2017-12-16","628.542","98.57290"
"2017-12-17","12185.134","2345.13080"
"2017-12-18","7051.350","1403.74760"
"2017-12-19","815.112","125.02790"
"2017-12-20","134.54","29.2770"
"2017-12-22","1043.128","163.23840"
"2017-12-23","6965.857","1561.69270"
"2017-12-24","1938.260","368.15850"
"2017-12-25","10488.055","1948.07055"
"2017-12-26","1829.418","322.40110"
"2017-12-27","959.490","151.62360"
"2017-12-29","1277.680","214.28550"
"2017-12-30","773.774","146.21550"
"2017-12-31","731.768","161.47240"
"2018-01-01","1481.828","247.59110"
"2018-01-02","2079.554","405.85380"
"2018-01-03","2070.272","414.05440"
"2018-01-06","33.74","6.7480"
"2018-01-07","3395.590","832.11710"
"2018-01-08","892.98","133.9470"
"2018-01-09","274.491","54.89820"
"2018-01-12","848.52","167.8200"
"2018-01-13","4619.33","913.2190"
"2018-01-14","697.338","153.91600"
"2018-01-15","2140.280","433.58480"
"2018-01-16","6230.292","1209.54530"
"2018-01-19","2013.715","378.26105"
"2018-01-20","767.838","169.21290"
"2018-01-21","2546.643","570.87375"
"2018-01-22","4212.372","992.47190"
"2018-01-23","450.334","88.63460"
"2018-01-24","418.666","89.25080"
"2018-01-26","3055.28","754.9165"
"2018-01-27","331.914","82.27770"
"2018-01-28","1007.52","234.1110"
"2018-01-29","158.642","31.72840"
"2018-01-30","3749.335","858.42005"
"2018-02-02","913.354","182.82650"
"2018-02-03","922.327","183.35540"
"2018-02-04","32.67","6.5340"
"2018-02-05","2263.012","471.16240"
"2018-02-06","904.354","162.20610"
"2018-02-09","773.764","159.89680"
"2018-02-10","227.103","35.22145"
"2018-02-11","1241.516","197.20680"
"2018-02-13","1058.43","246.3075"
"2018-02-16","1337.442","237.82540"
"2018-02-17","2964.8174","527.679060"
"2018-02-18","287.326","71.34050"
"2018-02-19","1314.59","260.6845"
"2018-02-20","1150.290","235.24260"
"2018-02-21","47.904","11.97600"
"2018-02-23","117.80","27.1580"
"2018-02-24","1448.676","355.72520"
"2018-02-25","430.492","64.66320"
"2018-02-26","2467.510","493.36760"
"2018-02-28","17.62","3.5240"
"2018-03-02","1450.126","301.76300"
"2018-03-03","2000.104","419.94160"
"2018-03-04","228.822","40.58940"
"2018-03-05","1240.02","263.0025"
"2018-03-06","778.236","162.36790"
"2018-03-07","166.59","35.7720"
"2018-03-08","843.10","168.6200"
"2018-03-09","710.804","176.15900"
"2018-03-10","1252.952","211.48420"
"2018-03-11","1973.708","427.70390"
"2018-03-12","353.28","74.1525"
"2018-03-13","4791.350","1047.17700"
"2018-03-14","49.616","12.40400"
"2018-03-16","2014.381","465.80180"
"2018-03-17","542.746","120.96720"
"2018-03-18","1027.758","229.69340"
"2018-03-19","2157.308","442.90730"
"2018-03-20","899.568","204.96460"
"2018-03-21","3332.636","575.12620"
"2018-03-23","14816.068","3652.61960"
"2018-03-24","1257.298","252.27860"
"2018-03-25","3567.026","672.15560"
"2018-03-26","3252.880","770.51210"
"2018-03-27","2933.516","491.89560"
"2018-03-28","1504.702","325.17440"
"2018-03-29","81.4","16.280"
"2018-03-30","656.407","134.81100"
"2018-03-31","4981.0108","1203.117020"
"2018-04-01","5972.988","1394.34730"
"2018-04-02","822.97","160.7485"
"2018-04-03","32.528","5.23200"
"2018-04-04","808.47","188.8980"
"2018-04-06","114.42","22.8840"
"2018-04-07","1971.2905","380.488775"
"2018-04-08","6401.93","1248.5290"
"2018-04-09","1626.710","325.34200"
"2018-04-10","755.529","158.44250"
"2018-04-11","319.806","75.31470"
"2018-04-12","69.66","13.9320"
"2018-04-13","1345.824","247.32960"
"2018-04-14","652.930","104.83230"
"2018-04-15","332.338","56.64510"
"2018-04-16","944.429","185.04315"
"2018-04-17","3431.459","813.60235"
"2018-04-20","1053.614","187.20310"
"2018-04-21","1254.564","200.31760"
"2018-04-22","947.692","175.90680"
"2018-04-23","1199.222","221.51920"
"2018-04-24","928.558","216.81060"
"2018-04-25","678.113","123.77205"
"2018-04-26","61.608","12.22220"
"2018-04-27","576.5756","97.322840"
"2018-04-28","795.296","196.65840"
"2018-04-29","1053.26","158.2345"
"2018-04-30","1390.126","296.55580"
"2018-05-01","4108.370","621.54230"
"2018-05-02","399.11","81.3035"
"2018-05-03","1386.346","256.97330"
"2018-05-04","1146.245","223.40180"
"2018-05-05","185.123","32.52505"
"2018-05-06","2991.4018","618.902720"
"2018-05-07","2549.468","436.78580"
"2018-05-08","3658.554","890.90590"
"2018-05-09","1078.222","200.95090"
"2018-05-11","449.469","78.99505"
"2018-05-12","970.384","182.03030"
"2018-05-13","3066.378","619.75260"
"2018-05-14","4182.062","879.32200"
"2018-05-15","421.264","71.11120"
"2018-05-16","221.024","44.20480"
"2018-05-18","1830.508","378.32320"
"2018-05-19","4919.182","911.90900"
"2018-05-20","2997.578","646.56940"
"2018-05-21","538.02","81.6015"
"2018-05-22","336.562","61.63610"
"2018-05-23","241.436","39.72280"
"2018-05-25","886.026","182.26320"
"2018-05-26","270.24","55.2020"
"2018-05-27","2084.908","439.75150"
"2018-05-28","1480.103","282.15095"
"2018-05-29","691.108","134.63840"
"2018-05-30","736.8904","133.574260"
"2018-06-01","586.042","125.12720"
"2018-06-02","135.706","27.28970"
"2018-06-03","2952.036","659.49510"
"2018-06-04","279.414","56.36600"
"2018-06-05","491.112","121.74120"
"2018-06-06","31.35","6.0225"
"2018-06-08","2227.038","394.95630"
"2018-06-09","939.133","181.18155"
"2018-06-10","2513.343","502.02315"
"2018-06-11","1580.894","312.70820"
"2018-06-12","1679.968","275.93220"
"2018-06-13","1156.018","195.53090"
"2018-06-15","4057.510","897.48400"
"2018-06-16","2724.194","505.98890"
"2018-06-17","3896.672","946.86390"
"2018-06-18","1031.1555","160.334925"
"2018-06-19","1900.193","328.49175"
"2018-06-20","1028.228","250.33960"
"2018-06-21","595.656","118.23520"
"2018-06-22","579.019","91.40580"
"2018-06-24","1184.684","214.46410"
"2018-06-25","1508.352","245.48520"
"2018-06-26","4224.136","910.82380"
"2018-06-27","1644.906","377.45640"
"2018-06-29","4521.9912","838.449080"
"2018-06-30","4721.977","889.19155"
"2018-07-01","639.83","127.9660"
"2018-07-02","169.192","33.83840"
"2018-07-03","6963.404","1616.19400"
"2018-07-05","476.354","82.66740"
"2018-07-06","380.378","58.00680"
"2018-07-07","1620.250","393.72370"
"2018-07-08","1980.264","381.44280"
"2018-07-09","1671.214","320.81930"
"2018-07-10","359.214","70.90080"
"2018-07-11","1728.892","420.37850"
"2018-07-12","3.816","0.76320"
"2018-07-13","504.542","98.33770"
"2018-07-14","3598.934","810.22890"
"2018-07-15","2132.229","336.16435"
"2018-07-16","74.284","11.28820"
"2018-07-17","2191.873","413.81535"
"2018-07-18","2106.794","377.66290"
"2018-07-20","2283.208","449.16930"
"2018-07-21","3683.832","812.72660"
"2018-07-22","556.314","86.44410"
"2018-07-23","898.188","207.62260"
"2018-07-24","2399.96","599.9900"
"2018-07-25","798.742","136.90840"
"2018-07-26","2012.302","466.84030"
"2018-07-27","947.832","222.01980"
"2018-07-28","1170.564","291.39280"
"2018-07-29","1391.294","292.29390"
"2018-07-30","523.376","109.17270"
"2018-07-31","1558.028","327.94720"
"2018-08-01","2085.650","507.52630"
"2018-08-03","514.828","89.58980"
"2018-08-04","20.070","4.01400"
"2018-08-05","503.676","104.72420"
"2018-08-06","1424.026","317.99570"
"2018-08-07","3479.624","742.32810"
"2018-08-10","1823.07","431.2735"
"2018-08-11","708.726","149.42440"
"2018-08-12","3693.084","682.75400"
"2018-08-13","2643.164","505.93040"
"2018-08-14","440.736","67.23240"
"2018-08-15","1949.872","389.97440"
"2018-08-16","80.564","16.11280"
"2018-08-17","9517.288","1663.45870"
"2018-08-18","7078.484","1525.53530"
"2018-08-19","512.446","102.48920"
"2018-08-20","692.95","145.7820"
"2018-08-21","8284.534","1576.62260"
"2018-08-22","524.540","78.68100"
"2018-08-23","4590.344","1136.32440"
"2018-08-24","685.056","137.01120"
"2018-08-25","361.988","65.84860"
"2018-08-26","190.66","38.4830"
"2018-08-27","6190.538","1253.61270"
"2018-08-28","1443.632","233.59730"
"2018-08-29","235.468","39.69260"
"2018-08-31","3162.830","671.55300"
"2018-09-01","1261.81","208.5255"
"2018-09-02","8652.334","1828.40340"
"2018-09-03","1595.849","307.42675"
"2018-09-04","5360.202","893.87810"
"2018-09-05","327.044","69.88720"
"2018-09-07","3848.565","795.63940"
"2018-09-08","2184.327","434.25425"
"2018-09-09","4356.061","969.40870"
"2018-09-10","2506.646","525.90010"
"2018-09-11","5564.006","983.45210"
"2018-09-12","491.55","97.8920"
"2018-09-13","15.92","3.1840"
"2018-09-14","3471.403","719.42495"
"2018-09-15","7285.026","1385.83830"
"2018-09-16","831.650","174.00200"
"2018-09-17","4979.226","978.36720"
"2018-09-18","1511.930","331.32900"
"2018-09-19","1648.188","350.71890"
"2018-09-20","7359.918","1284.67090"
"2018-09-21","338.172","75.23240"
"2018-09-22","7871.213","1649.69330"
"2018-09-23","2395.786","467.91450"
"2018-09-24","6450.462","1447.96260"
"2018-09-25","1412.213","248.15380"
"2018-09-26","1486.576","275.89640"
"2018-09-28","559.271","112.47260"
"2018-09-29","1846.780","370.49590"
"2018-09-30","540.760","116.15100"
"2018-10-01","2978.466","658.18720"
"2018-10-02","5418.022","971.67790"
"2018-10-03","2504.480","506.73410"
"2018-10-04","19.98","2.9970"
"2018-10-05","6684.616","1566.15840"
"2018-10-06","1180.82","250.0640"
"2018-10-07","2749.210","604.06840"
"2018-10-08","608.356","133.34060"
"2018-10-09","1496.589","232.64815"
"2018-10-10","239.358","35.90370"
"2018-10-12","5625.394","1082.82430"
"2018-10-13","8405.802","1617.50680"
"2018-10-14","134.332","28.71140"
"2018-10-15","1017.94","176.9400"
"2018-10-16","3473.597","604.51715"
"2018-10-17","126.352","27.91000"
"2018-10-19","2781.8702","546.128730"
"2018-10-20","1333.858","251.15580"
"2018-10-21","4537.201","923.84370"
"2018-10-22","15158.877","3665.77125"
"2018-10-23","3352.394","699.75480"
"2018-10-24","529.085","79.94675"
"2018-10-26","999.868","192.14020"
"2018-10-27","1086.320","189.70115"
"2018-10-28","408.726","80.35640"
"2018-10-29","46.96","9.3920"
"2018-10-30","4025.730","769.60210"
"2018-10-31","523.928","130.22400"
"2018-11-01","2921.43","451.0050"
"2018-11-02","6294.386","1356.35150"
"2018-11-03","4536.937","861.45420"
"2018-11-04","10668.096","2590.95920"
"2018-11-05","2355.064","508.38600"
"2018-11-06","4288.750","729.97740"
"2018-11-07","2413.378","532.96770"
"2018-11-08","384.1","63.110"
"2018-11-09","4751.492","987.03520"
"2018-11-10","4007.548","781.39360"
"2018-11-11","1815.218","358.61080"
"2018-11-12","2911.386","634.05990"
"2018-11-13","6633.4202","1283.213330"
"2018-11-14","834.658","165.24780"
"2018-11-15","559.200","83.88000"
"2018-11-16","4755.234","1098.57620"
"2018-11-17","13408.7928","3214.538420"
"2018-11-18","1469.756","296.67640"
"2018-11-19","7397.272","1350.89455"
"2018-11-20","2988.274","645.25820"
"2018-11-21","2236.184","530.07400"
"2018-11-22","35.712","7.14240"
"2018-11-23","1153.109","247.30935"
"2018-11-24","4736.061","868.96520"
"2018-11-25","3666.157","618.26195"
"2018-11-26","5048.172","1101.28850"
"2018-11-27","1618.254","338.73470"
"2018-11-28","6912.944","1248.62630"
"2018-11-29","491.888","73.78320"
"2018-11-30","6645.282","1177.46940"
"2018-12-01","5331.178","1009.99280"
"2018-12-02","9951.182","2001.76450"
"2018-12-03","1403.842","269.37990"
"2018-12-04","2639.638","550.67440"
"2018-12-05","1453.136","291.33300"
"2018-12-06","10.68","2.1360"
"2018-12-07","2916.514","606.90180"
"2018-12-08","7643.041","1442.29615"
"2018-12-09","5470.390","1102.52025"
"2018-12-10","3873.559","709.50160"
"2018-12-11","2025.035","356.36505"
"2018-12-13","580.936","91.73640"
"2018-12-14","3897.714","773.13870"
"2018-12-15","306.888","70.07790"
"2018-12-16","858.702","178.84980"
"2018-12-17","2027.758","374.08860"
"2018-12-18","3645.911","667.61415"
"2018-12-19","1895.926","373.41630"
"2018-12-20","377.736","75.54720"
"2018-12-21","2140.94","445.0405"
"2018-12-22","7442.021","1359.26900"
"2018-12-23","1926.776","395.99800"
"2018-12-24","6233.054","1344.93220"
"2018-12-25","2698.927","518.22310"
"2018-12-26","814.594","162.91880"
"2018-12-27","177.636","43.74660"
"2018-12-28","1657.3508","304.649820"
"2018-12-29","2915.534","481.68970"
"2018-12-30","713.790","131.14770"
